{
    "name": "root",
    "metadata": {
        "timer_format_version": "0.1.0",
        "start_time_seconds": "1730596684",
        "python_version": "3.9.13 (tags/v3.9.13:6de2ca5, May 17 2022, 16:36:42) [MSC v.1929 64 bit (AMD64)]",
        "command_line_arguments": "C:\\Users\\Sandy\\Documents\\GitHub\\BostonHacks2024\\venv\\Scripts\\mlagents-learn --run-id =PelletGrabberRun5",
        "mlagents_version": "0.30.0",
        "mlagents_envs_version": "0.30.0",
        "communication_protocol_version": "1.5.0",
        "pytorch_version": "2.5.1+cpu",
        "numpy_version": "1.21.2",
        "end_time_seconds": "1730596780"
    },
    "total": 96.5568672,
    "count": 1,
    "self": 0.010800099999997315,
    "children": {
        "run_training.setup": {
            "total": 0.09569880000000008,
            "count": 1,
            "self": 0.09569880000000008
        },
        "TrainerController.start_learning": {
            "total": 96.45036830000001,
            "count": 1,
            "self": 0.07717069999998216,
            "children": {
                "TrainerController._reset_env": {
                    "total": 9.8916918,
                    "count": 1,
                    "self": 9.8916918
                },
                "TrainerController.advance": {
                    "total": 86.38819460000003,
                    "count": 3470,
                    "self": 0.06580660000012983,
                    "children": {
                        "env_step": {
                            "total": 85.99789189999997,
                            "count": 3470,
                            "self": 82.5608957999999,
                            "children": {
                                "SubprocessEnvManager._take_step": {
                                    "total": 3.395070600000011,
                                    "count": 3470,
                                    "self": 0.2360714999999658,
                                    "children": {
                                        "TorchPolicy.evaluate": {
                                            "total": 3.1589991000000452,
                                            "count": 3467,
                                            "self": 3.1589991000000452
                                        }
                                    }
                                },
                                "workers": {
                                    "total": 0.04192550000006712,
                                    "count": 3469,
                                    "self": 0.0,
                                    "children": {
                                        "worker_root": {
                                            "total": 25.668687499999873,
                                            "count": 3469,
                                            "is_parallel": true,
                                            "self": 8.933147599999796,
                                            "children": {
                                                "steps_from_proto": {
                                                    "total": 0.0003954000000003788,
                                                    "count": 1,
                                                    "is_parallel": true,
                                                    "self": 0.00015260000000161256,
                                                    "children": {
                                                        "_process_rank_one_or_two_observation": {
                                                            "total": 0.00024279999999876622,
                                                            "count": 2,
                                                            "is_parallel": true,
                                                            "self": 0.00024279999999876622
                                                        }
                                                    }
                                                },
                                                "UnityEnvironment.step": {
                                                    "total": 16.735144500000075,
                                                    "count": 3469,
                                                    "is_parallel": true,
                                                    "self": 0.25827410000008655,
                                                    "children": {
                                                        "UnityEnvironment._generate_step_input": {
                                                            "total": 0.22854160000006551,
                                                            "count": 3469,
                                                            "is_parallel": true,
                                                            "self": 0.22854160000006551
                                                        },
                                                        "communicator.exchange": {
                                                            "total": 15.57102819999995,
                                                            "count": 3469,
                                                            "is_parallel": true,
                                                            "self": 15.57102819999995
                                                        },
                                                        "steps_from_proto": {
                                                            "total": 0.6773005999999757,
                                                            "count": 3469,
                                                            "is_parallel": true,
                                                            "self": 0.31095760000013684,
                                                            "children": {
                                                                "_process_rank_one_or_two_observation": {
                                                                    "total": 0.3663429999998389,
                                                                    "count": 6938,
                                                                    "is_parallel": true,
                                                                    "self": 0.3663429999998389
                                                                }
                                                            }
                                                        }
                                                    }
                                                }
                                            }
                                        }
                                    }
                                }
                            }
                        },
                        "trainer_advance": {
                            "total": 0.32449609999993534,
                            "count": 3469,
                            "self": 0.09188459999975329,
                            "children": {
                                "process_trajectory": {
                                    "total": 0.23261150000018205,
                                    "count": 3469,
                                    "self": 0.23261150000018205
                                }
                            }
                        }
                    }
                },
                "TrainerController._save_models": {
                    "total": 0.09331119999998805,
                    "count": 1,
                    "self": 3.8799999984462374e-05,
                    "children": {
                        "RLTrainer._checkpoint": {
                            "total": 0.09327240000000359,
                            "count": 1,