{
    "name": "root",
    "gauges": {
        "MoveToGoal.Policy.Entropy.mean": {
            "value": 1.397721290588379,
            "min": 1.397721290588379,
            "max": 1.4093366861343384,
            "count": 2
        },
        "MoveToGoal.Policy.Entropy.sum": {
            "value": 69979.7109375,
            "min": 69979.7109375,
            "max": 70713.46875,
            "count": 2
        },
        "MoveToGoal.Environment.EpisodeLength.mean": {
            "value": 66.10377358490567,
            "min": 66.10377358490567,
            "max": 73.55306427503737,
            "count": 2
        },
        "MoveToGoal.Environment.EpisodeLength.sum": {
            "value": 49049.0,
            "min": 49049.0,
            "max": 49207.0,
            "count": 2
        },
        "MoveToGoal.Step.mean": {
            "value": 99987.0,
            "min": 49969.0,
            "max": 99987.0,
            "count": 2
        },
        "MoveToGoal.Step.sum": {
            "value": 99987.0,
            "min": 49969.0,
            "max": 99987.0,
            "count": 2
        },
        "MoveToGoal.Policy.ExtrinsicValueEstimate.mean": {
            "value": -0.49092650413513184,
            "min": -2.0407192707061768,
            "max": -0.49092650413513184,
            "count": 2
        },
        "MoveToGoal.Policy.ExtrinsicValueEstimate.sum": {
            "value": -544.4375,
            "min": -2226.4248046875,
            "max": -544.4375,
            "count": 2
        },
        "MoveToGoal.Environment.CumulativeReward.mean": {
            "value": -0.9448183041722745,
            "min": -0.9535928143712575,
            "max": -0.9448183041722745,
            "count": 2
        },
        "MoveToGoal.Environment.CumulativeReward.sum": {
            "value": -702.0,
            "min": -702.0,
            "max": -637.0,
            "count": 2
        },
        "MoveToGoal.Policy.ExtrinsicReward.mean": {
            "value": -0.9448183041722745,
            "min": -0.9535928143712575,
            "max": -0.9448183041722745,
            "count": 2
        },
        "MoveToGoal.Policy.ExtrinsicReward.sum": {
            "value": -702.0,
            "min": -702.0,
            "max": -637.0,
            "count": 2
        },
        "MoveToGoal.Losses.PolicyLoss.mean": {
            "value": 0.02554733726040771,
            "min": 0.02385780667536892,
            "max": 0.02554733726040771,
            "count": 2
        },
        "MoveToGoal.Losses.PolicyLoss.sum": {
            "value": 0.12773668630203855,
            "min": 0.09543122670147568,
            "max": 0.12773668630203855,
            "count": 2
        },
        "MoveToGoal.Losses.ValueLoss.mean": {
            "value": 0.03355143293738365,
            "min": 0.03355143293738365,
            "max": 0.4348311490689715,
            "count": 2
        },
        "MoveToGoal.Losses.ValueLoss.sum": {
            "value": 0.16775716468691826,
            "min": 0.16775716468691826,
            "max": 1.739324596275886,
            "count": 2
        },
        "MoveToGoal.Policy.LearningRate.mean": {
            "value": 0.0002569422143526,
            "min": 0.0002569422143526,
            "max": 0.0002846223051259,
            "count": 2
        },
        "MoveToGoal.Policy.LearningRate.sum": {
            "value": 0.0012847110717629999,
            "min": 0.0011384892205036,
            "max": 0.0012847110717629999,
            "count": 2
        },
        "MoveToGoal.Policy.Epsilon.mean": {
            "value": 0.18564740000000002,
            "min": 0.18564740000000002,
            "max": 0.1948741,
            "count": 2
        },
        "MoveToGoal.Policy.Epsilon.sum": {
            "value": 0.9282370000000001,
            "min": 0.7794964,
            "max": 0.9282370000000001,
            "count": 2
        },
        "MoveToGoal.Policy.Beta.mean": {
            "value": 0.004283805260000001,
            "min": 0.004283805260000001,
            "max": 0.0047442175900000005,
            "count": 2
        },
        "MoveToGoal.Policy.Beta.sum": {
            "value": 0.0214190263,
            "min": 0.018976870360000002,
            "max": 0.0214190263,
            "count": 2
        },
        "MoveToGoal.IsTraining.mean": {
            "value": 1.0,
            "min": 1.0,
            "max": 1.0,
            "count": 2
        },
        "MoveToGoal.IsTraining.sum": {
            "value": 1.0,
            "min": 1.0,
            "max": 1.0,
            "count": 2
        }
    },
    "metadata": {
        "timer_format_version": "0.1.0",
        "start_time_seconds": "1730594251",
        "python_version": "3.10.0 (tags/v3.10.0:b494f59, Oct  4 2021, 19:00:18) [MSC v.1929 64 bit (AMD64)]",
        "command_line_arguments": "C:\\Users\\ray01\\OneDrive\\Documents\\Unity Projects\\BostonHacks2024\\venv\\Scripts\\mlagents-learn --run-id=MoveToGoal",
        "mlagents_version": "0.30.0",
        "mlagents_envs_version": "0.30.0",
        "communication_protocol_version": "1.5.0",
        "pytorch_version": "2.5.1+cpu",
        "numpy_version": "1.21.2",
        "end_time_seconds": "1730594525"
    },
    "total": 274.7077672000014,
    "count": 1,
    "self": 0.009351300002890639,
    "children": {
        "run_training.setup": {
            "total": 0.09161750000203028,
            "count": 1,
            "self": 0.09161750000203028
        },
        "TrainerController.start_learning": {
            "total": 274.6067983999965,
            "count": 1,
            "self": 0.4464353998337174,
            "children": {
                "TrainerController._reset_env": {
                    "total": 20.826927000001888,
                    "count": 1,
                    "self": 20.826927000001888
                },
                "TrainerController.advance": {
                    "total": 253.15686890015786,
                    "count": 15039,
                    "self": 0.39237340018735267,
                    "children": {
                        "env_step": {
                            "total": 206.59425169994938,
                            "count": 15039,
                            "self": 190.44191199919442,
                            "children": {
                                "SubprocessEnvManager._take_step": {
                                    "total": 15.86928010066913,
                                    "count": 15039,
                                    "self": 1.2091243004979333,
                                    "children": {
                                        "TorchPolicy.evaluate": {
                                            "total": 14.660155800171196,
                                            "count": 13707,
                                            "self": 14.660155800171196
                                        }
                                    }
                                },
                                "workers": {
                                    "total": 0.283059600085835,
                                    "count": 15038,
                                    "self": 0.0,
                                    "children": {
                                        "worker_root": {
                                            "total": 181.2179568993597,
                                            "count": 15038,
                                            "is_parallel": true,
                                            "self": 87.42343830068421,
                                            "children": {
                                                "steps_from_proto": {
                                                    "total": 0.0005078999965917319,
                                                    "count": 1,
                                                    "is_parallel": true,
                                                    "self": 0.00011809999705292284,